--tabella film
INSERT INTO FILM (TITOLO, ID_GENERE, URL_TRAILER, DURATA, TRAMA, URL_LOCANDINA, ATTORI, REGISTA, FRASE) VALUES
	('Fast And Furious 7',
        4, 
        'https://www.youtube.com/watch?v=JZNmeWqb9rI', 
        127, 
        'Dopo aver ferito gravemente Owen Shaw ed eliminato la sua squadra, Dominic Toretto, Brian Conner, e il resto dei membri della famiglia possono finalmente tornare negli Stati Uniti e vivere una vita normale. Dom tenta di aiutare Letty nel riguadagnare la sua memoria, mentre Brian, ormai diventato padre, inizia a prendere dimestichezza con la sua vita da genitore. Intanto a Londra, il fratello maggiore di Owen, Deckard Shaw, irrompe violentemente e fa una sanguinosa strage di poliziotti interno dell ospedale in cui è stato portato il fratello in coma, giurandogli che lo vendicherà, eliminando Dominic e tutta la sua famiglia.', 
        'http://www.imdb.com/title/tt2820852/', 
        'Vin Diesel,Paul Walker', 
        'James Wan', 
        'Deckard Shaw cerca vendetta contro Dominic Toretto e la sua famiglia per il fratello'),
	('Titanic', 
        5, 
        'https://www.youtube.com/watch?v=zCy5WQ9S4c0', 
        194, 
        'Atlantico del nord, 1996. Il cacciatore di tesori Brock Lovett e la sua squadra "Alvin" esplorano nell''oceano il relitto del transatlantico RMS Titanic alla ricerca di una collana di diamanti conosciuta come "Cuore dell''Oceano", che dovrebbe trovarsi nella cassaforte di un ex-uomo d’affari americano, Caledon Hockley. Recuperata la cassaforte, la squadra non vi trova il gioiello ma un ritratto di una ragazza nuda con indosso la collana, con la data del 14 aprile 1912, notte nella quale il Titanic affondò collidendo con un iceberg. Venuta a conoscenza dal telegiornale del ritrovamento del disegno, Rose Dawson vedova Calvert, un''anziana donna statunitense di 101 anni sopravvissuta al naufragio, contatta Lovett e dichiara di essere la giovane ragazza ritratta nel disegno e, insieme alla nipote Lizzy, si reca a bordo della nave di quest''ultimo, iniziando a raccontare il suo viaggio sul Titanic e rivelando di non essere Rose Dawson, ma Rose De Witt Bukater, una passeggera britannica ritenuta morta nell''affondamento.', 
        'http://www.imdb.com/title/tt0120338/?ref_=fn_al_tt_1', 
        'Leonardo DiCaprio, Kate Winslet, Billy Zane', 
        'James Cameron', 
        'Sto volando, sto volando Jack'	),

	('The Avengers', 
        4, 
        'https://www.youtube.com/watch?v=21-RSDPmLjg', 
        137, 
        'Il Tesseract è un Cubo Cosmico di origine asgardiana, uno dei gioielli di Odino, e un "Antico dell''Universo" e il suo portavoce incappucciato The Other intendono appropriarsene. Loki, che intende conquistare la Terra e sottomettere il genere umano, stringe un accordo con i due alieni. Il colonnello Nick Fury, direttore dello S.H.I.E.L.D. (Strategic Homeland Intervention, Enforcement & Logistic Division), raggiunge un complesso dove sono situati alcuni laboratori sperimentali. Qui il dottor Erik Selvig sta effettuando dei test sul Tesseract, recuperato da Howard Stark negli anni cinquanta nell''Oceano Atlantico settentrionale. Improvvisamente il Tesseract, che già aveva manifestato delle anomalie, apre un varco dimensionale nella stanza ed appare Loki, che impugna uno strano scettro. Alla richiesta di Nick Fury di deporre l''arma, Loki uccide da solo gran parte degli agenti presenti e compie un incantesimo sul dott. Selvig e sull''agente Clint Barton. Poi il dio fugge impadronendosi del Tesseract: a nulla valgono i tentativi del colonnello Fury e dell''agente Maria Hill di recuperare il Cubo Cosmico. Essendo un allarme di livello 7, Nick Fury mette in atto le contromosse ed invia gli agenti Coulson e Romanoff a localizzare un gruppo di persone già note alle cartelle dello S.H.I.E.L.D., con l''intento di creare una squadra d''azione speciale. Il progetto è chiamato Vendicatori.', 
        'http://www.imdb.com/title/tt0848228/?ref_=nv_sr_1', 
        'Robert Downey Jr., Chris Evans, Scarlett', 
        'Joss Whedon', 
        'Io ho un esercito! E noi abbiamo un Hulk!'),
	('Dear John', 
        5, 
        'https://www.youtube.com/watch?v=L7R4q7vIEVM', 
        105, 
        'John Tyree è un ragazzo ribelle, cresciuto senza madre, che vive assieme al padre, con il quale ha un rapporto tormentato. Per placare la sua inquietudine adolescenziale, John decide di arruolarsi nell''esercito, così viene mandato per qualche tempo oltre oceano per servire la patria. Tornato a casa in licenza, John passa la maggior parte del suo tempo a praticare surf. Un giorno, recuperando una borsa caduta in mare, conosce la bella Savannah Lynn Curtis. Tra i due ragazzi scatta subito il colpo di fulmine, trascorrendo ogni istante assieme, fino al giorno in cui John è costretto a ripartire. Dal quel momento John e Savannah si ripromettono di tenersi in contatto scrivendosi appassionate lettere d''amore. Dopo un anno John sta per tornare a casa per vivere serenamente la sua storia d''amore con Savannah, ma gli attentati dell''11 settembre 2001 gli faranno cambiare progetto. Decide quindi di riconfermare la ferma per altri due anni, continuando il rapporto epistolare con Savannah. Quest''ultima però risente della lontananza e spinta dal bisogno di aiutare l''amico Tim e il figlio autistico decide di lasciare John per sposare Tim.', 
        'http://www.imdb.com/title/tt0989757/?ref_=nv_sr_1', 
        'Channing Tatum, Amanda Seyfried, Richard', 
        'Lasse Hallström', 
        'Ma infondo, cosa è un anno dopo due settimane così...'),
	('Shark Tale', 
        4, 
        'https://www.youtube.com/watch?v=mp2SbaK8dDg', 
        86, 
        'Oscar è un simpatico pesce pulitore che lavora in un "autolavaggio di balene" ma sogna di arrivare in cima al reef: il suo problema è la mancanza di denaro. Un giorno, il suo capo Sykes gli chiede 5000 cucozze (i soldi locali) perché minacciato dallo squalo Don Lino, il boss del reef: così Oscar viene aiutato dalla sua amica Angie (un pesce angelo), la quale gli dà una sua cara perla così che Oscar possa rivenderla. Intanto, in un relitto (casa degli squali) Don Lino sta discutendo con il figlio Lenny: Lenny, infatti, non ha mai mangiato un pesce (è vegetariano ma nessuno lo sa) e questo preoccupa il padre poiché se "il figlio fa il debole anche lui sembra debole" e non può accettarlo; allora costringe il figlio a mangiare un gambero, ma Lenny invece di mangiarlo lo libera insieme a tutti gli altri gamberi; don Lino allora dà ordine a Frankie, fratello di Lenny, di prenderlo con sé e di insegnargli ad "essere uno squalo". Intanto, Oscar ha rivenduto la perla e ha guadagnato i soldi per saldare il debito, ma invece di consegnarli a Sykes all''ippodromo, decide di scommetterli su un ippocampo (le corse ippiche nel reef non sono corse da cavalli ma da ippocampi), Lucky Day; tutto sembra andare bene, e anche Sykes festeggia, ma il cavallo inciampa e Oscar viene torturato su ordine di Sykes dai suoi scagnozzi medusa, Ernie e Bernie. Nel frattempo Frankie insegna a Lenny a cacciare e per coincidenza trovano Oscar che viene tormentato da Ernie e Bernie.', 
        'http://www.imdb.com/title/tt0307453/?ref_=fn_al_tt_1', 
        'Will Smith, Robert De Niro, Renée Zellweger', 
        'Bibo Bergeron, Vicky Jenson', 
        'Tadaaa! Sebastian il delfino smacchia balene!'),

	('Playing It Cool', 
        5, 
        'https://www.youtube.com/watch?v=JlvyE_Rhzy8', 
        91, 
        'Il narratore è uno scrittore e vuole scrivere un libro, ma il suo editore Bryan vuole incitarlo a scrivere una storia d''amore. Il problema è che il narratore non crede nell''amore. Ma quando incontra una ragazza, si innamora di lei, solo per scoprire che lei è già fidanzata.', 
        'http://www.imdb.com/title/tt2139555/?ref_=fn_al_tt_1', 
        'Chris Evans, Michelle Monaghan, Topher Grace',
        'Justin Reardon',  
        'Un secondo per innamorarsi, una vita per stare insieme'),
	('LEGO Movie', 
        2, 
        'https://www.youtube.com/watch?v=jtlG3ywRPQ4', 
        102, 
        'Nel mondo dei mattoncini LEGO, il vecchio mago Vitruvius tenta di proteggere una superarma denominata "Kragle" dalle grinfie del malefico Lord Business, che riesce comunque, durante uno scontro, ad impossessarsene, accecando il mago con il laser. Vitruvius racconta a Lord Business di una profezia che narra le gesta di una persona chiamata "Lo Speciale", che avrebbe trovato il Pezzo Forte in grado di fermare il Kragle. Otto anni e mezzo dopo, nella città LEGO di Bricksburg, troviamo Emmet Mattonowski(in inglese "Brickowski"), un ordinario operaio edile, che, dopo una giornata di lavoro si imbatte in una ragazza, Wildstyle, alla ricerca di "qualcosa" nel cantiere dove lavora Emmet.
         Così anch''egli si mette a indagare, ma cade accidentalmente in una buca, trovando per caso il Pezzo Forte. Costretto misteriosamente a toccarlo, Emmet ha improvvisamente delle strane visioni, tra cui quella di una mano umana, e sviene.
         Si risveglia altrove, con il Pezzo Forte incollato sulla schiena, sotto la custodia di Poliduro, tenente di Lord Business[3]. Qui Emmet viene a conoscenza dei piani di Lord Business per distruggere il mondo con il Kragle.
         Ma Wildstyle riesce a liberare Emmet conducendolo tramite un portale nel Vecchio West, dove in un saloon del villaggio Flatbush Gulch, incontrano Vitruvius, che abita nel saloon, il quale spiega ad Emmet che lui e Wildstyle sono dei Mastri Costruttori, parola sconosciuta ad Emmet, gli unici che possiedono la capacità di costruire qualsiasi cosa di cui hanno bisogno, con grande velocità e senza l''uso di manuali di istruzioni.Poi Wildstyle gli spiega l''intera storia dei Mastri Costruttori.', 
        'http://www.imdb.com/title/tt1490017/?ref_=fn_al_tt_1',
        'Chris Pratt, Will Ferrell, Elizabeth Banks',
        'Phil Lord, Christopher Miller',  
        'Overpriced Cofee?'),
	('Rush', 
        4, 
        'https://www.youtube.com/watch?v=dA3XN54J8nY', 
        123, 
        'Durante gli anni settanta esplode la grande rivalità sportiva tra i piloti più talentuosi del momento, il britannico James Hunt e l''austriaco Niki Lauda. I due, che si danno battaglia fin dai tempi della Formula 3, non potrebbero essere più diversi: Hunt è un giovane ed insolente donnaiolo che adora mettersi in mostra, mentre Lauda è un genio strategico dai modi duri e riservati.
         I due piloti si conoscono inizialmente durante il campionato di Formula 3 del 1970 dove entrano subito in contrasto a causa del diverso approccio che seguono nei confronti della disciplina sportiva che praticano. Mentre Hunt vive con leggerezza ed attraversa un bel periodo agonistico essendo il pupillo della propria squadra, la Hesketh, portato in palmo di mano dal titolare, Lord Alexander Hesketh, Lauda si trova di fronte ad un momento critico della propria vita, culminante con la rottura dei rapporti col padre, che rifiuta di sovvenzionare la sua carriera sportiva ritenendola inappropriata alle tradizioni familiari, che vogliono i Lauda banchieri. L''austriaco decide allora di chiedere un prestito che gli consente di entrare, come pilota pagante, a far parte della squadra BRM, che corre in Formula 1. Mostrando competenza e determinazione riesce, con l''aiuto dei meccanici, a migliorare le prestazioni della propria vettura che chiede di testare al compagno di squadra Clay Regazzoni. Anche se i due hanno un rapporto conflittuale, sarà proprio grazie al pilota svizzero se il giovane Lauda lascerà poco dopo la BRM, divenendo dal 1974 pilota della Scuderia Ferrari. Proprio nello stesso periodo anche la squadra di Hunt decide di fare il salto di qualità e realizza una vettura in grado di partecipare al campionato di Formula 1. La macchina veste una livrea elegante perché priva di sponsor, una scelta che si rivelerà poco lungimirante e che influirà sugli sviluppi futuri della carriera di Hunt.', 
        'http://www.imdb.com/title/tt1979320/?ref_=nv_sr_2', 
        'Daniel Brühl, Chris Hemsworth, Olivia Wilde',
        'Ron Howard',  
        'Più sei vicino alla morte, più ti senti vivo'),
	('Lo Squalo', 
        4, 
        'https://www.youtube.com/watch?v=_0z4KlxTRnE',
        124, 
        'Una giovane donna di nome Chrissie Watkins lascia una festa notturna sulla spiaggia dell''isola di Amity (Nuova Inghilterra) per andare a nuotare nuda, ma mentre è in mare viene tirata sott''acqua. Al capo della polizia di Amity, Martin Brody, viene notificato che Chrissie manca, e il vice Hendricks trova i suoi resti sulla spiaggia. Il medico informa Brody che è stata uccisa da uno squalo. Brody ha intenzione di chiudere le spiagge, ma gli viene vietato dal sindaco Larry Vaughan, che teme che i rapporti di un attacco di squalo possano rovinare la stagione turistica estiva, fonte primaria del reddito della città. Il medico legale attribuisce quindi la morte a un incidente con una barca. Brody accetta a malincuore la spiegazione.',
        'http://www.imdb.com/title/tt0073195/?ref_=fn_al_tt_1',
        'Roy Scheider, Robert Shaw, Richard Dreyfuss',
        'Steven Spielberg',
        'Serve una barca più grande...'),
	('Wolf Children', 
        2, 
        'https://www.youtube.com/watch?v=ed1xwAtF728', 
        117, 
        'Hana è una studentessa di diciannove anni che all''università incontra un ragazzo di cui si innamora. Questi le rivela di essere un uomo lupo, l''ultimo discendente dell''ormai estinto lupo giapponese. Ciononostante, i due si mettono insieme, e quando Hana scopre di essere incinta non si fa visitare per la paura che il bambino nasca lupo. Nove mesi dopo nasce Yuki (letteralmente, "neve") in una giornata nevosa, e un anno dopo ancora viene alla luce il fratellino Ame ("pioggia") in una giornata piovosa. Poco dopo la nascita del figlio il padre scompare: alla sua ricerca, Hana scopre della sua morte accidentale durante una battuta di caccia per procurare prede per i piccoli. Nonostante il dolore, la ragazza decide di crescere da sola i bambini, compito tutt''altro che facile per una donna sola, soprattutto considerando che questi bambini possono trasformarsi in lupi. Dopo che la padrona del condominio dove vivono minaccia di sfrattarli perché sospetta la presenza di animali (vietati dal regolamento condominiale) e che delle persone vengono a fare domande sui bambini che non sono stati sottoposti alle vaccinazioni programmate, Hana decide di trasferirsi in campagna per permettere ai figli di crescere senza problemi e di decidere se vivere da esseri umani o da lupi.', 
        'http://www.imdb.com/title/tt2140203/?ref_=fn_al_tt_1', 
        'Aoi Miyazaki, Takao Ohsawa, Haru Kuroki',
        'Mamoru Hosoda',  
        'Cosa vuoi? Vivere come un umano o come un lupo?');


--Insert prenotazini per spettacolo 1:

INSERT INTO CINELAND.PRENOTAZIONE(ID_UTENTE, ID_SPETTACOLO, ID_PREZZO, ID_POSTO, PAGATO, DATA_ORA_OPERAZIONE) VALUES (7,1,4,15,DEFAULT,CURRENT_TIMESTAMP);
INSERT INTO CINELAND.PRENOTAZIONE(ID_UTENTE, ID_SPETTACOLO, ID_PREZZO, ID_POSTO, PAGATO, DATA_ORA_OPERAZIONE) VALUES (4,1,4,40,DEFAULT,CURRENT_TIMESTAMP);
INSERT INTO CINELAND.PRENOTAZIONE(ID_UTENTE, ID_SPETTACOLO, ID_PREZZO, ID_POSTO, PAGATO, DATA_ORA_OPERAZIONE) VALUES (8,1,2,130,DEFAULT,CURRENT_TIMESTAMP);
INSERT INTO CINELAND.PRENOTAZIONE(ID_UTENTE, ID_SPETTACOLO, ID_PREZZO, ID_POSTO, PAGATO, DATA_ORA_OPERAZIONE) VALUES (4,1,5,80,DEFAULT,CURRENT_TIMESTAMP);
INSERT INTO CINELAND.PRENOTAZIONE(ID_UTENTE, ID_SPETTACOLO, ID_PREZZO, ID_POSTO, PAGATO, DATA_ORA_OPERAZIONE) VALUES (5,1,2,14,DEFAULT,CURRENT_TIMESTAMP);
INSERT INTO CINELAND.PRENOTAZIONE(ID_UTENTE, ID_SPETTACOLO, ID_PREZZO, ID_POSTO, PAGATO, DATA_ORA_OPERAZIONE) VALUES (9,1,3,62,DEFAULT,CURRENT_TIMESTAMP);
INSERT INTO CINELAND.PRENOTAZIONE(ID_UTENTE, ID_SPETTACOLO, ID_PREZZO, ID_POSTO, PAGATO, DATA_ORA_OPERAZIONE) VALUES (2,1,4,91,DEFAULT,CURRENT_TIMESTAMP);
INSERT INTO CINELAND.PRENOTAZIONE(ID_UTENTE, ID_SPETTACOLO, ID_PREZZO, ID_POSTO, PAGATO, DATA_ORA_OPERAZIONE) VALUES (4,1,1,16,DEFAULT,CURRENT_TIMESTAMP);
INSERT INTO CINELAND.PRENOTAZIONE(ID_UTENTE, ID_SPETTACOLO, ID_PREZZO, ID_POSTO, PAGATO, DATA_ORA_OPERAZIONE) VALUES (6,1,4,39,DEFAULT,CURRENT_TIMESTAMP);
INSERT INTO CINELAND.PRENOTAZIONE(ID_UTENTE, ID_SPETTACOLO, ID_PREZZO, ID_POSTO, PAGATO, DATA_ORA_OPERAZIONE) VALUES (3,1,5,119,DEFAULT,CURRENT_TIMESTAMP);
INSERT INTO CINELAND.PRENOTAZIONE(ID_UTENTE, ID_SPETTACOLO, ID_PREZZO, ID_POSTO, PAGATO, DATA_ORA_OPERAZIONE) VALUES (4,1,2,22,DEFAULT,CURRENT_TIMESTAMP);
INSERT INTO CINELAND.PRENOTAZIONE(ID_UTENTE, ID_SPETTACOLO, ID_PREZZO, ID_POSTO, PAGATO, DATA_ORA_OPERAZIONE) VALUES (5,1,5,137,DEFAULT,CURRENT_TIMESTAMP);
INSERT INTO CINELAND.PRENOTAZIONE(ID_UTENTE, ID_SPETTACOLO, ID_PREZZO, ID_POSTO, PAGATO, DATA_ORA_OPERAZIONE) VALUES (6,1,5,94,DEFAULT,CURRENT_TIMESTAMP);
INSERT INTO CINELAND.PRENOTAZIONE(ID_UTENTE, ID_SPETTACOLO, ID_PREZZO, ID_POSTO, PAGATO, DATA_ORA_OPERAZIONE) VALUES (1,1,1,29,DEFAULT,CURRENT_TIMESTAMP);
INSERT INTO CINELAND.PRENOTAZIONE(ID_UTENTE, ID_SPETTACOLO, ID_PREZZO, ID_POSTO, PAGATO, DATA_ORA_OPERAZIONE) VALUES (6,1,5,5,DEFAULT,CURRENT_TIMESTAMP);
INSERT INTO CINELAND.PRENOTAZIONE(ID_UTENTE, ID_SPETTACOLO, ID_PREZZO, ID_POSTO, PAGATO, DATA_ORA_OPERAZIONE) VALUES (7,1,2,18,DEFAULT,CURRENT_TIMESTAMP);
INSERT INTO CINELAND.PRENOTAZIONE(ID_UTENTE, ID_SPETTACOLO, ID_PREZZO, ID_POSTO, PAGATO, DATA_ORA_OPERAZIONE) VALUES (8,1,2,90,DEFAULT,CURRENT_TIMESTAMP);
INSERT INTO CINELAND.PRENOTAZIONE(ID_UTENTE, ID_SPETTACOLO, ID_PREZZO, ID_POSTO, PAGATO, DATA_ORA_OPERAZIONE) VALUES (6,1,1,95,DEFAULT,CURRENT_TIMESTAMP);
INSERT INTO CINELAND.PRENOTAZIONE(ID_UTENTE, ID_SPETTACOLO, ID_PREZZO, ID_POSTO, PAGATO, DATA_ORA_OPERAZIONE) VALUES (2,1,1,6,DEFAULT,CURRENT_TIMESTAMP);
INSERT INTO CINELAND.PRENOTAZIONE(ID_UTENTE, ID_SPETTACOLO, ID_PREZZO, ID_POSTO, PAGATO, DATA_ORA_OPERAZIONE) VALUES (8,1,5,93,DEFAULT,CURRENT_TIMESTAMP);

--insert prenotazione per spettacolo2:

INSERT INTO CINELAND.PRENOTAZIONE(ID_UTENTE, ID_SPETTACOLO, ID_PREZZO, ID_POSTO, PAGATO, DATA_ORA_OPERAZIONE) VALUES (1,2,1,302,DEFAULT,CURRENT_TIMESTAMP);
INSERT INTO CINELAND.PRENOTAZIONE(ID_UTENTE, ID_SPETTACOLO, ID_PREZZO, ID_POSTO, PAGATO, DATA_ORA_OPERAZIONE) VALUES (7,2,2,278,DEFAULT,CURRENT_TIMESTAMP);
INSERT INTO CINELAND.PRENOTAZIONE(ID_UTENTE, ID_SPETTACOLO, ID_PREZZO, ID_POSTO, PAGATO, DATA_ORA_OPERAZIONE) VALUES (1,2,5,286,DEFAULT,CURRENT_TIMESTAMP);
INSERT INTO CINELAND.PRENOTAZIONE(ID_UTENTE, ID_SPETTACOLO, ID_PREZZO, ID_POSTO, PAGATO, DATA_ORA_OPERAZIONE) VALUES (1,2,1,223,DEFAULT,CURRENT_TIMESTAMP);
INSERT INTO CINELAND.PRENOTAZIONE(ID_UTENTE, ID_SPETTACOLO, ID_PREZZO, ID_POSTO, PAGATO, DATA_ORA_OPERAZIONE) VALUES (2,2,4,162,DEFAULT,CURRENT_TIMESTAMP);
INSERT INTO CINELAND.PRENOTAZIONE(ID_UTENTE, ID_SPETTACOLO, ID_PREZZO, ID_POSTO, PAGATO, DATA_ORA_OPERAZIONE) VALUES (3,2,2,175,DEFAULT,CURRENT_TIMESTAMP);
INSERT INTO CINELAND.PRENOTAZIONE(ID_UTENTE, ID_SPETTACOLO, ID_PREZZO, ID_POSTO, PAGATO, DATA_ORA_OPERAZIONE) VALUES (2,2,3,227,DEFAULT,CURRENT_TIMESTAMP);
INSERT INTO CINELAND.PRENOTAZIONE(ID_UTENTE, ID_SPETTACOLO, ID_PREZZO, ID_POSTO, PAGATO, DATA_ORA_OPERAZIONE) VALUES (6,2,4,243,DEFAULT,CURRENT_TIMESTAMP);
INSERT INTO CINELAND.PRENOTAZIONE(ID_UTENTE, ID_SPETTACOLO, ID_PREZZO, ID_POSTO, PAGATO, DATA_ORA_OPERAZIONE) VALUES (8,2,1,192,DEFAULT,CURRENT_TIMESTAMP);
INSERT INTO CINELAND.PRENOTAZIONE(ID_UTENTE, ID_SPETTACOLO, ID_PREZZO, ID_POSTO, PAGATO, DATA_ORA_OPERAZIONE) VALUES (3,2,4,215,DEFAULT,CURRENT_TIMESTAMP);
INSERT INTO CINELAND.PRENOTAZIONE(ID_UTENTE, ID_SPETTACOLO, ID_PREZZO, ID_POSTO, PAGATO, DATA_ORA_OPERAZIONE) VALUES (9,2,1,206,DEFAULT,CURRENT_TIMESTAMP);
INSERT INTO CINELAND.PRENOTAZIONE(ID_UTENTE, ID_SPETTACOLO, ID_PREZZO, ID_POSTO, PAGATO, DATA_ORA_OPERAZIONE) VALUES (7,2,3,182,DEFAULT,CURRENT_TIMESTAMP);
INSERT INTO CINELAND.PRENOTAZIONE(ID_UTENTE, ID_SPETTACOLO, ID_PREZZO, ID_POSTO, PAGATO, DATA_ORA_OPERAZIONE) VALUES (5,2,3,255,DEFAULT,CURRENT_TIMESTAMP);
INSERT INTO CINELAND.PRENOTAZIONE(ID_UTENTE, ID_SPETTACOLO, ID_PREZZO, ID_POSTO, PAGATO, DATA_ORA_OPERAZIONE) VALUES (4,2,3,312,DEFAULT,CURRENT_TIMESTAMP);
INSERT INTO CINELAND.PRENOTAZIONE(ID_UTENTE, ID_SPETTACOLO, ID_PREZZO, ID_POSTO, PAGATO, DATA_ORA_OPERAZIONE) VALUES (9,2,4,268,DEFAULT,CURRENT_TIMESTAMP);
INSERT INTO CINELAND.PRENOTAZIONE(ID_UTENTE, ID_SPETTACOLO, ID_PREZZO, ID_POSTO, PAGATO, DATA_ORA_OPERAZIONE) VALUES (6,2,3,259,DEFAULT,CURRENT_TIMESTAMP);
INSERT INTO CINELAND.PRENOTAZIONE(ID_UTENTE, ID_SPETTACOLO, ID_PREZZO, ID_POSTO, PAGATO, DATA_ORA_OPERAZIONE) VALUES (4,2,2,325,DEFAULT,CURRENT_TIMESTAMP);
INSERT INTO CINELAND.PRENOTAZIONE(ID_UTENTE, ID_SPETTACOLO, ID_PREZZO, ID_POSTO, PAGATO, DATA_ORA_OPERAZIONE) VALUES (2,2,3,217,DEFAULT,CURRENT_TIMESTAMP);
INSERT INTO CINELAND.PRENOTAZIONE(ID_UTENTE, ID_SPETTACOLO, ID_PREZZO, ID_POSTO, PAGATO, DATA_ORA_OPERAZIONE) VALUES (4,2,1,308,DEFAULT,CURRENT_TIMESTAMP);
INSERT INTO CINELAND.PRENOTAZIONE(ID_UTENTE, ID_SPETTACOLO, ID_PREZZO, ID_POSTO, PAGATO, DATA_ORA_OPERAZIONE) VALUES (6,2,4,289,DEFAULT,CURRENT_TIMESTAMP);

INSERT INTO CINELAND.PRENOTAZIONE(ID_UTENTE, ID_SPETTACOLO, ID_PREZZO, ID_POSTO, PAGATO, DATA_ORA_OPERAZIONE) VALUES (4,3,5,481,DEFAULT,CURRENT_TIMESTAMP);
INSERT INTO CINELAND.PRENOTAZIONE(ID_UTENTE, ID_SPETTACOLO, ID_PREZZO, ID_POSTO, PAGATO, DATA_ORA_OPERAZIONE) VALUES (9,3,3,532,DEFAULT,CURRENT_TIMESTAMP);
INSERT INTO CINELAND.PRENOTAZIONE(ID_UTENTE, ID_SPETTACOLO, ID_PREZZO, ID_POSTO, PAGATO, DATA_ORA_OPERAZIONE) VALUES (5,3,4,536,DEFAULT,CURRENT_TIMESTAMP);
INSERT INTO CINELAND.PRENOTAZIONE(ID_UTENTE, ID_SPETTACOLO, ID_PREZZO, ID_POSTO, PAGATO, DATA_ORA_OPERAZIONE) VALUES (2,3,2,553,DEFAULT,CURRENT_TIMESTAMP);
INSERT INTO CINELAND.PRENOTAZIONE(ID_UTENTE, ID_SPETTACOLO, ID_PREZZO, ID_POSTO, PAGATO, DATA_ORA_OPERAZIONE) VALUES (8,3,5,467,DEFAULT,CURRENT_TIMESTAMP);
INSERT INTO CINELAND.PRENOTAZIONE(ID_UTENTE, ID_SPETTACOLO, ID_PREZZO, ID_POSTO, PAGATO, DATA_ORA_OPERAZIONE) VALUES (4,3,5,613,DEFAULT,CURRENT_TIMESTAMP);
INSERT INTO CINELAND.PRENOTAZIONE(ID_UTENTE, ID_SPETTACOLO, ID_PREZZO, ID_POSTO, PAGATO, DATA_ORA_OPERAZIONE) VALUES (8,3,5,401,DEFAULT,CURRENT_TIMESTAMP);
INSERT INTO CINELAND.PRENOTAZIONE(ID_UTENTE, ID_SPETTACOLO, ID_PREZZO, ID_POSTO, PAGATO, DATA_ORA_OPERAZIONE) VALUES (9,3,5,475,DEFAULT,CURRENT_TIMESTAMP);
INSERT INTO CINELAND.PRENOTAZIONE(ID_UTENTE, ID_SPETTACOLO, ID_PREZZO, ID_POSTO, PAGATO, DATA_ORA_OPERAZIONE) VALUES (5,3,4,540,DEFAULT,CURRENT_TIMESTAMP);
INSERT INTO CINELAND.PRENOTAZIONE(ID_UTENTE, ID_SPETTACOLO, ID_PREZZO, ID_POSTO, PAGATO, DATA_ORA_OPERAZIONE) VALUES (6,3,4,648,DEFAULT,CURRENT_TIMESTAMP);
INSERT INTO CINELAND.PRENOTAZIONE(ID_UTENTE, ID_SPETTACOLO, ID_PREZZO, ID_POSTO, PAGATO, DATA_ORA_OPERAZIONE) VALUES (2,3,1,595,DEFAULT,CURRENT_TIMESTAMP);
INSERT INTO CINELAND.PRENOTAZIONE(ID_UTENTE, ID_SPETTACOLO, ID_PREZZO, ID_POSTO, PAGATO, DATA_ORA_OPERAZIONE) VALUES (6,3,5,605,DEFAULT,CURRENT_TIMESTAMP);
INSERT INTO CINELAND.PRENOTAZIONE(ID_UTENTE, ID_SPETTACOLO, ID_PREZZO, ID_POSTO, PAGATO, DATA_ORA_OPERAZIONE) VALUES (9,3,1,345,DEFAULT,CURRENT_TIMESTAMP);
INSERT INTO CINELAND.PRENOTAZIONE(ID_UTENTE, ID_SPETTACOLO, ID_PREZZO, ID_POSTO, PAGATO, DATA_ORA_OPERAZIONE) VALUES (5,3,3,513,DEFAULT,CURRENT_TIMESTAMP);
INSERT INTO CINELAND.PRENOTAZIONE(ID_UTENTE, ID_SPETTACOLO, ID_PREZZO, ID_POSTO, PAGATO, DATA_ORA_OPERAZIONE) VALUES (7,3,3,501,DEFAULT,CURRENT_TIMESTAMP);
INSERT INTO CINELAND.PRENOTAZIONE(ID_UTENTE, ID_SPETTACOLO, ID_PREZZO, ID_POSTO, PAGATO, DATA_ORA_OPERAZIONE) VALUES (2,3,1,558,DEFAULT,CURRENT_TIMESTAMP);
INSERT INTO CINELAND.PRENOTAZIONE(ID_UTENTE, ID_SPETTACOLO, ID_PREZZO, ID_POSTO, PAGATO, DATA_ORA_OPERAZIONE) VALUES (2,3,5,610,DEFAULT,CURRENT_TIMESTAMP);
INSERT INTO CINELAND.PRENOTAZIONE(ID_UTENTE, ID_SPETTACOLO, ID_PREZZO, ID_POSTO, PAGATO, DATA_ORA_OPERAZIONE) VALUES (6,3,5,444,DEFAULT,CURRENT_TIMESTAMP);
INSERT INTO CINELAND.PRENOTAZIONE(ID_UTENTE, ID_SPETTACOLO, ID_PREZZO, ID_POSTO, PAGATO, DATA_ORA_OPERAZIONE) VALUES (8,3,4,453,DEFAULT,CURRENT_TIMESTAMP);
INSERT INTO CINELAND.PRENOTAZIONE(ID_UTENTE, ID_SPETTACOLO, ID_PREZZO, ID_POSTO, PAGATO, DATA_ORA_OPERAZIONE) VALUES (1,3,1,546,DEFAULT,CURRENT_TIMESTAMP);

--insert prenotazione per spettacolo4:

INSERT INTO CINELAND.PRENOTAZIONE(ID_UTENTE, ID_SPETTACOLO, ID_PREZZO, ID_POSTO, PAGATO, DATA_ORA_OPERAZIONE) VALUES (2,4,2,835,DEFAULT,CURRENT_TIMESTAMP);
INSERT INTO CINELAND.PRENOTAZIONE(ID_UTENTE, ID_SPETTACOLO, ID_PREZZO, ID_POSTO, PAGATO, DATA_ORA_OPERAZIONE) VALUES (8,4,5,711,DEFAULT,CURRENT_TIMESTAMP);
INSERT INTO CINELAND.PRENOTAZIONE(ID_UTENTE, ID_SPETTACOLO, ID_PREZZO, ID_POSTO, PAGATO, DATA_ORA_OPERAZIONE) VALUES (2,4,1,697,DEFAULT,CURRENT_TIMESTAMP);
INSERT INTO CINELAND.PRENOTAZIONE(ID_UTENTE, ID_SPETTACOLO, ID_PREZZO, ID_POSTO, PAGATO, DATA_ORA_OPERAZIONE) VALUES (1,4,1,734,DEFAULT,CURRENT_TIMESTAMP);
INSERT INTO CINELAND.PRENOTAZIONE(ID_UTENTE, ID_SPETTACOLO, ID_PREZZO, ID_POSTO, PAGATO, DATA_ORA_OPERAZIONE) VALUES (9,4,3,755,DEFAULT,CURRENT_TIMESTAMP);
INSERT INTO CINELAND.PRENOTAZIONE(ID_UTENTE, ID_SPETTACOLO, ID_PREZZO, ID_POSTO, PAGATO, DATA_ORA_OPERAZIONE) VALUES (3,4,1,866,DEFAULT,CURRENT_TIMESTAMP);
INSERT INTO CINELAND.PRENOTAZIONE(ID_UTENTE, ID_SPETTACOLO, ID_PREZZO, ID_POSTO, PAGATO, DATA_ORA_OPERAZIONE) VALUES (5,4,2,871,DEFAULT,CURRENT_TIMESTAMP);
INSERT INTO CINELAND.PRENOTAZIONE(ID_UTENTE, ID_SPETTACOLO, ID_PREZZO, ID_POSTO, PAGATO, DATA_ORA_OPERAZIONE) VALUES (6,4,3,962,DEFAULT,CURRENT_TIMESTAMP);
INSERT INTO CINELAND.PRENOTAZIONE(ID_UTENTE, ID_SPETTACOLO, ID_PREZZO, ID_POSTO, PAGATO, DATA_ORA_OPERAZIONE) VALUES (5,4,4,900,DEFAULT,CURRENT_TIMESTAMP);
INSERT INTO CINELAND.PRENOTAZIONE(ID_UTENTE, ID_SPETTACOLO, ID_PREZZO, ID_POSTO, PAGATO, DATA_ORA_OPERAZIONE) VALUES (6,4,3,925,DEFAULT,CURRENT_TIMESTAMP);
INSERT INTO CINELAND.PRENOTAZIONE(ID_UTENTE, ID_SPETTACOLO, ID_PREZZO, ID_POSTO, PAGATO, DATA_ORA_OPERAZIONE) VALUES (7,4,4,843,DEFAULT,CURRENT_TIMESTAMP);
INSERT INTO CINELAND.PRENOTAZIONE(ID_UTENTE, ID_SPETTACOLO, ID_PREZZO, ID_POSTO, PAGATO, DATA_ORA_OPERAZIONE) VALUES (6,4,1,839,DEFAULT,CURRENT_TIMESTAMP);
INSERT INTO CINELAND.PRENOTAZIONE(ID_UTENTE, ID_SPETTACOLO, ID_PREZZO, ID_POSTO, PAGATO, DATA_ORA_OPERAZIONE) VALUES (8,4,1,846,DEFAULT,CURRENT_TIMESTAMP);
INSERT INTO CINELAND.PRENOTAZIONE(ID_UTENTE, ID_SPETTACOLO, ID_PREZZO, ID_POSTO, PAGATO, DATA_ORA_OPERAZIONE) VALUES (9,4,2,746,DEFAULT,CURRENT_TIMESTAMP);


 
 --tabella genere
INSERT INTO GENERE (DESCRIZIONE) VALUES
	('fantasy'),
	('drammatico'),
	('fantascienza'),
	('azione'),
	('romantico');
 


--tabella prezzo
INSERT INTO PREZZO (TIPO, PREZZO) VALUES
	('normale', 8.0),
	('ridotto', 4.0),
	('studente', 5.0),
	('militare', 6.0),
	('disabile', 5.0);

--tabella ruolo
INSERT INTO RUOLO (RUOLO) VALUES
	('admin'),
	('user'),
	('verificare');


--insert spettacoli:

insert into cineland.spettacolo (id_film,data_ora,id_sala) values(1,'2016-03-01 10:30:00.0',1);
insert into cineland.spettacolo (id_film,data_ora,id_sala) values(2,'2016-03-01 12:30:00.0',2);
insert into cineland.spettacolo (id_film,data_ora,id_sala) values(3,'2016-03-01 14:30:00.0',3);
insert into cineland.spettacolo (id_film,data_ora,id_sala) values(4,'2016-03-01 16:30:00.0',4);
insert into cineland.spettacolo (id_film,data_ora,id_sala) values(2,'2016-03-02 10:30:00.0',2);
insert into cineland.spettacolo (id_film,data_ora,id_sala) values(3,'2016-03-02 12:30:00.0',3);
insert into cineland.spettacolo (id_film,data_ora,id_sala) values(4,'2016-03-02 14:30:00.0',4);
insert into cineland.spettacolo (id_film,data_ora,id_sala) values(1,'2016-03-02 16:30:00.0',1);
insert into cineland.spettacolo (id_film,data_ora,id_sala) values(2,'2016-03-02 18:30:00.0',2);
insert into cineland.spettacolo (id_film,data_ora,id_sala) values(3,'2016-03-02 20:30:00.0',3);
insert into cineland.spettacolo (id_film,data_ora,id_sala) values(4,'2016-03-02 22:30:00.0',4);
insert into cineland.spettacolo (id_film,data_ora,id_sala) values(1,'2016-03-02 10:30:00.0',1);
insert into cineland.spettacolo (id_film,data_ora,id_sala) values(2,'2016-03-02 12:30:00.0',2);
insert into cineland.spettacolo (id_film,data_ora,id_sala) values(3,'2016-03-02 14:30:00.0',3);
insert into cineland.spettacolo (id_film,data_ora,id_sala) values(4,'2016-03-02 16:30:00.0',4);
insert into cineland.spettacolo (id_film,data_ora,id_sala) values(1,'2016-03-02 18:30:00.0',1);
insert into cineland.spettacolo (id_film,data_ora,id_sala) values(2,'2016-03-02 20:30:00.0',2);
insert into cineland.spettacolo (id_film,data_ora,id_sala) values(3,'2016-03-02 22:30:00.0',3);
insert into cineland.spettacolo (id_film,data_ora,id_sala) values(4,'2016-03-02 10:30:00.0',4);
insert into cineland.spettacolo (id_film,data_ora,id_sala) values(1,'2016-03-02 12:30:00.0',1);
insert into cineland.spettacolo (id_film,data_ora,id_sala) values(2,'2016-03-02 14:30:00.0',2);
insert into cineland.spettacolo (id_film,data_ora,id_sala) values(3,'2016-03-02 16:30:00.0',3);
insert into cineland.spettacolo (id_film,data_ora,id_sala) values(4,'2016-03-02 18:30:00.0',4);
insert into cineland.spettacolo (id_film,data_ora,id_sala) values(1,'2016-03-02 20:30:00.0',1);
insert into cineland.spettacolo (id_film,data_ora,id_sala) values(2,'2016-03-02 22:30:00.0',2);
insert into cineland.spettacolo (id_film,data_ora,id_sala) values(3,'2016-03-02 10:30:00.0',3);
insert into cineland.spettacolo (id_film,data_ora,id_sala) values(4,'2016-03-02 12:30:00.0',4);
insert into cineland.spettacolo (id_film,data_ora,id_sala) values(1,'2016-03-02 14:30:00.0',1);
insert into cineland.spettacolo (id_film,data_ora,id_sala) values(2,'2016-03-02 16:30:00.0',2);
insert into cineland.spettacolo (id_film,data_ora,id_sala) values(3,'2016-03-02 18:30:00.0',3);
insert into cineland.spettacolo (id_film,data_ora,id_sala) values(4,'2016-03-02 20:30:00.0',4);
insert into cineland.spettacolo (id_film,data_ora,id_sala) values(1,'2016-03-02 22:30:00.0',1);
insert into cineland.spettacolo (id_film,data_ora,id_sala) values(2,'2016-03-03 10:30:00.0',2);
insert into cineland.spettacolo (id_film,data_ora,id_sala) values(3,'2016-03-03 12:30:00.0',3);
insert into cineland.spettacolo (id_film,data_ora,id_sala) values(4,'2016-03-03 14:30:00.0',4);
insert into cineland.spettacolo (id_film,data_ora,id_sala) values(1,'2016-03-03 16:30:00.0',1);
insert into cineland.spettacolo (id_film,data_ora,id_sala) values(2,'2016-03-03 18:30:00.0',2);
insert into cineland.spettacolo (id_film,data_ora,id_sala) values(3,'2016-03-03 20:30:00.0',3);
insert into cineland.spettacolo (id_film,data_ora,id_sala) values(4,'2016-03-03 22:30:00.0',4);
insert into cineland.spettacolo (id_film,data_ora,id_sala) values(1,'2016-03-03 10:30:00.0',1);
insert into cineland.spettacolo (id_film,data_ora,id_sala) values(2,'2016-03-03 12:30:00.0',2);
insert into cineland.spettacolo (id_film,data_ora,id_sala) values(3,'2016-03-03 14:30:00.0',3);
insert into cineland.spettacolo (id_film,data_ora,id_sala) values(4,'2016-03-03 16:30:00.0',4);
insert into cineland.spettacolo (id_film,data_ora,id_sala) values(1,'2016-03-03 18:30:00.0',1);
insert into cineland.spettacolo (id_film,data_ora,id_sala) values(2,'2016-03-03 20:30:00.0',2);
insert into cineland.spettacolo (id_film,data_ora,id_sala) values(3,'2016-03-03 22:30:00.0',3);
insert into cineland.spettacolo (id_film,data_ora,id_sala) values(4,'2016-03-03 10:30:00.0',4);
insert into cineland.spettacolo (id_film,data_ora,id_sala) values(5,'2016-03-05 10:30:00.0', 1);
insert into cineland.spettacolo (id_film,data_ora,id_sala) values(5,'2016-03-05 12:30:00.0', 1);
insert into cineland.spettacolo (id_film,data_ora,id_sala) values(5,'2016-03-05 14:30:00.0', 1);
insert into cineland.spettacolo (id_film,data_ora,id_sala) values(5,'2016-03-05 16:30:00.0', 1);
insert into cineland.spettacolo (id_film,data_ora,id_sala) values(5,'2016-03-05 18:30:00.0', 1);
insert into cineland.spettacolo (id_film,data_ora,id_sala) values(5,'2016-03-05 20:30:00.0', 1);
insert into cineland.spettacolo (id_film,data_ora,id_sala) values(6,'2016-03-05 10:30:00.0', 2);
insert into cineland.spettacolo (id_film,data_ora,id_sala) values(6,'2016-03-05 12:30:00.0', 2);
insert into cineland.spettacolo (id_film,data_ora,id_sala) values(6,'2016-03-05 14:30:00.0', 2);
insert into cineland.spettacolo (id_film,data_ora,id_sala) values(6,'2016-03-05 16:30:00.0', 2);







INSERT INTO UTENTE (NOME, EMAIL, PASSWORD, CREDITO, ID_RUOLO, CODICE_ATTIVAZIONE, DATA_INVIO_CODICE_ATTIVAZIONE) VALUES
    ('Marco', 'prova1@gmail.com', 'prova', 10.0, 2, NULL, CURRENT_TIMESTAMP),
    ('Marco', 'prova2@gmail.com', 'prova', 10.0, 2, NULL, CURRENT_TIMESTAMP),
    ('Marco', 'prova3@gmail.com', 'prova', 10.0, 2, NULL, CURRENT_TIMESTAMP),
    ('Marco', 'prova4@gmail.com', 'prova', 10.0, 2, NULL, CURRENT_TIMESTAMP),
    ('Marco', 'prova5@gmail.com', 'prova', 10.0, 2, NULL, CURRENT_TIMESTAMP),
    ('Marco', 'prova6@gmail.com', 'prova', 10.0, 2, NULL, CURRENT_TIMESTAMP),
    ('Marco', 'prova7@gmail.com', 'prova', 10.0, 2, NULL, CURRENT_TIMESTAMP),
    ('Marco', 'prova8@gmail.com', 'prova', 10.0, 2, NULL, CURRENT_TIMESTAMP),
    ('Marco', 'prova9@gmail.com', 'prova', 10.0, 2, NULL, CURRENT_TIMESTAMP),
    ('Amm', 'prova0@gmail.com', 'prova', 0.0, 1, NULL, CURRENT_TIMESTAMP);




--insert sala
INSERT INTO SALA (DESCRIZIONE) VALUES 
    ('1'),
    ('2'),
    ('3'),
    ('4');
 
--insert posto sala 1 15X10
INSERT INTO POSTO (ID_SALA, RIGA, COLONNA, ESISTE, OCCUPATO) VALUES
    (1, 0, 0, true, false),
    (1, 0, 1, true, false),
    (1, 0, 2, true, false),
    (1, 0, 3, true, false),
    (1, 0, 4, true, false),
    (1, 0, 5, true, false),
    (1, 0, 6, true, false),
    (1, 0, 7, true, false),
    (1, 0, 8, true, false),
    (1, 0, 9, true, false),
    (1, 1, 0, true, false),
    (1, 1, 1, true, false),
    (1, 1, 2, true, false),
    (1, 1, 3, true, false),
    (1, 1, 4, true, false),
    (1, 1, 5, true, false),
    (1, 1, 6, true, false),
    (1, 1, 7, true, false),
    (1, 1, 8, true, false),
    (1, 1, 9, true, false),
    (1, 2, 0, true, false),
    (1, 2, 1, true, false),
    (1, 2, 2, true, false),
    (1, 2, 3, true, false),
    (1, 2, 4, true, false),
    (1, 2, 5, true, false),
    (1, 2, 6, true, false),
    (1, 2, 7, true, false),
    (1, 2, 8, true, false),
    (1, 2, 9, true, false),
    (1, 3, 0, true, false),
    (1, 3, 1, true, false),
    (1, 3, 2, true, false),
    (1, 3, 3, true, false),
    (1, 3, 4, true, false),
    (1, 3, 5, true, false),
    (1, 3, 6, true, false),
    (1, 3, 7, true, false),
    (1, 3, 8, true, false),
    (1, 3, 9, true, false),
    (1, 4, 0, true, false),
    (1, 4, 1, true, false),
    (1, 4, 2, true, false),
    (1, 4, 3, true, false),
    (1, 4, 4, true, false),
    (1, 4, 5, true, false),
    (1, 4, 6, true, false),
    (1, 4, 7, true, false),
    (1, 4, 8, true, false),
    (1, 4, 9, true, false),
    (1, 5, 0, true, false),
    (1, 5, 1, true, false),
    (1, 5, 2, true, false),
    (1, 5, 3, true, false),
    (1, 5, 4, true, false),
    (1, 5, 5, true, false),
    (1, 5, 6, true, false),
    (1, 5, 7, true, false),
    (1, 5, 8, true, false),
    (1, 5, 9, true, false),
    (1, 6, 0, true, false),
    (1, 6, 1, true, false),
    (1, 6, 2, true, false),
    (1, 6, 3, true, false),
    (1, 6, 4, true, false),
    (1, 6, 5, true, false),
    (1, 6, 6, true, false),
    (1, 6, 7, true, false),
    (1, 6, 8, true, false),
    (1, 6, 9, true, false),
    (1, 7, 0, true, false),
    (1, 7, 1, true, false),
    (1, 7, 2, true, false),
    (1, 7, 3, true, false),
    (1, 7, 4, true, false),
    (1, 7, 5, true, false),
    (1, 7, 6, true, false),
    (1, 7, 7, true, false),
    (1, 7, 8, true, false),
    (1, 7, 9, true, false),
    (1, 8, 0, true, false),
    (1, 8, 1, true, false),
    (1, 8, 2, true, false),
    (1, 8, 3, true, false),
    (1, 8, 4, true, false),
    (1, 8, 5, true, false),
    (1, 8, 6, true, false),
    (1, 8, 7, true, false),
    (1, 8, 8, true, false),
    (1, 8, 9, true, false),
    (1, 9, 0, true, false),
    (1, 9, 1, true, false),
    (1, 9, 2, true, false),
    (1, 9, 3, true, false),
    (1, 9, 4, true, false),
    (1, 9, 5, true, false),
    (1, 9, 6, true, false),
    (1, 9, 7, true, false),
    (1, 9, 8, true, false),
    (1, 9, 9, true, false),
    (1, 10, 0, true, false),
    (1, 10, 1, true, false),
    (1, 10, 2, true, false),
    (1, 10, 3, true, false),
    (1, 10, 4, true, false),
    (1, 10, 5, true, false),
    (1, 10, 6, true, false),
    (1, 10, 7, true, false),
    (1, 10, 8, true, false),
    (1, 10, 9, true, false),
    (1, 11, 0, true, false),
    (1, 11, 1, true, false),
    (1, 11, 2, true, false),
    (1, 11, 3, true, false),
    (1, 11, 4, true, false),
    (1, 11, 5, true, false),
    (1, 11, 6, true, false),
    (1, 11, 7, true, false),
    (1, 11, 8, true, false),
    (1, 11, 9, true, false),
    (1, 12, 0, true, false),
    (1, 12, 1, true, false),
    (1, 12, 2, true, false),
    (1, 12, 3, true, false),
    (1, 12, 4, true, false),
    (1, 12, 5, true, false),
    (1, 12, 6, true, false),
    (1, 12, 7, true, false),
    (1, 12, 8, true, false),
    (1, 12, 9, true, false),
    (1, 13, 0, true, false),
    (1, 13, 1, true, false),
    (1, 13, 2, true, false),
    (1, 13, 3, true, false),
    (1, 13, 4, true, false),
    (1, 13, 5, true, false),
    (1, 13, 6, true, false),
    (1, 13, 7, true, false),
    (1, 13, 8, true, false),
    (1, 13, 9, true, false),
    (1, 14, 0, true, false),
    (1, 14, 1, true, false),
    (1, 14, 2, true, false),
    (1, 14, 3, true, false),
    (1, 14, 4, true, false),
    (1, 14, 5, true, false),
    (1, 14, 6, true, false),
    (1, 14, 7, true, false),
    (1, 14, 8, true, false),
    (1, 14, 9, true, false);

--insert posto sala 2 15X12
INSERT INTO POSTO (ID_SALA, RIGA, COLONNA, ESISTE, OCCUPATO) VALUES
    (2, 0, 0, true, false),
    (2, 0, 1, true, false),
    (2, 0, 2, true, false),
    (2, 0, 3, true, false),
    (2, 0, 4, true, false),
    (2, 0, 5, true, false),
    (2, 0, 6, true, false),
    (2, 0, 7, true, false),
    (2, 0, 8, true, false),
    (2, 0, 9, true, false),
    (2, 0, 10, true, false),
    (2, 0, 11, true, false),
    (2, 1, 0, true, false),
    (2, 1, 1, true, false),
    (2, 1, 2, true, false),
    (2, 1, 3, true, false),
    (2, 1, 4, true, false),
    (2, 1, 5, true, false),
    (2, 1, 6, true, false),
    (2, 1, 7, true, false),
    (2, 1, 8, true, false),
    (2, 1, 9, true, false),
    (2, 1, 10, true, false),
    (2, 1, 11, true, false),
    (2, 2, 0, true, false),
    (2, 2, 1, true, false),
    (2, 2, 2, true, false),
    (2, 2, 3, true, false),
    (2, 2, 4, true, false),
    (2, 2, 5, true, false),
    (2, 2, 6, true, false),
    (2, 2, 7, true, false),
    (2, 2, 8, true, false),
    (2, 2, 9, true, false),
    (2, 2, 10, true, false),
    (2, 2, 11, true, false),
    (2, 3, 0, true, false),
    (2, 3, 1, true, false),
    (2, 3, 2, true, false),
    (2, 3, 3, true, false),
    (2, 3, 4, true, false),
    (2, 3, 5, true, false),
    (2, 3, 6, true, false),
    (2, 3, 7, true, false),
    (2, 3, 8, true, false),
    (2, 3, 9, true, false),
    (2, 3, 10, true, false),
    (2, 3, 11, true, false),
    (2, 4, 0, true, false),
    (2, 4, 1, true, false),
    (2, 4, 2, true, false),
    (2, 4, 3, true, false),
    (2, 4, 4, true, false),
    (2, 4, 5, true, false),
    (2, 4, 6, true, false),
    (2, 4, 7, true, false),
    (2, 4, 8, true, false),
    (2, 4, 9, true, false),
    (2, 4, 10, true, false),
    (2, 4, 11, true, false),
    (2, 5, 0, true, false),
    (2, 5, 1, true, false),
    (2, 5, 2, true, false),
    (2, 5, 3, true, false),
    (2, 5, 4, true, false),
    (2, 5, 5, true, false),
    (2, 5, 6, true, false),
    (2, 5, 7, true, false),
    (2, 5, 8, true, false),
    (2, 5, 9, true, false),
    (2, 5, 10, true, false),
    (2, 5, 11, true, false),
    (2, 6, 0, true, false),
    (2, 6, 1, true, false),
    (2, 6, 2, true, false),
    (2, 6, 3, true, false),
    (2, 6, 4, true, false),
    (2, 6, 5, true, false),
    (2, 6, 6, true, false),
    (2, 6, 7, true, false),
    (2, 6, 8, true, false),
    (2, 6, 9, true, false),
    (2, 6, 10, true, false),
    (2, 6, 11, true, false),
    (2, 7, 0, true, false),
    (2, 7, 1, true, false),
    (2, 7, 2, true, false),
    (2, 7, 3, true, false),
    (2, 7, 4, true, false),
    (2, 7, 5, true, false),
    (2, 7, 6, true, false),
    (2, 7, 7, true, false),
    (2, 7, 8, true, false),
    (2, 7, 9, true, false),
    (2, 7, 10, true, false),
    (2, 7, 11, true, false),
    (2, 8, 0, true, false),
    (2, 8, 1, true, false),
    (2, 8, 2, true, false),
    (2, 8, 3, true, false),
    (2, 8, 4, true, false),
    (2, 8, 5, true, false),
    (2, 8, 6, true, false),
    (2, 8, 7, true, false),
    (2, 8, 8, true, false),
    (2, 8, 9, true, false),
    (2, 8, 10, true, false),
    (2, 8, 11, true, false),
    (2, 9, 0, true, false),
    (2, 9, 1, true, false),
    (2, 9, 2, true, false),
    (2, 9, 3, true, false),
    (2, 9, 4, true, false),
    (2, 9, 5, true, false),
    (2, 9, 6, true, false),
    (2, 9, 7, true, false),
    (2, 9, 8, true, false),
    (2, 9, 9, true, false),
    (2, 9, 10, true, false),
    (2, 9, 11, true, false),
    (2, 10, 0, true, false),
    (2, 10, 1, true, false),
    (2, 10, 2, true, false),
    (2, 10, 3, true, false),
    (2, 10, 4, true, false),
    (2, 10, 5, true, false),
    (2, 10, 6, true, false),
    (2, 10, 7, true, false),
    (2, 10, 8, true, false),
    (2, 10, 9, true, false),
    (2, 10, 10, true, false),
    (2, 10, 11, true, false),
    (2, 11, 0, true, false),
    (2, 11, 1, true, false),
    (2, 11, 2, true, false),
    (2, 11, 3, true, false),
    (2, 11, 4, true, false),
    (2, 11, 5, true, false),
    (2, 11, 6, true, false),
    (2, 11, 7, true, false),
    (2, 11, 8, true, false),
    (2, 11, 9, true, false),
    (2, 11, 10, true, false),
    (2, 11, 11, true, false),
    (2, 12, 0, true, false),
    (2, 12, 1, true, false),
    (2, 12, 2, true, false),
    (2, 12, 3, true, false),
    (2, 12, 4, true, false),
    (2, 12, 5, true, false),
    (2, 12, 6, true, false),
    (2, 12, 7, true, false),
    (2, 12, 8, true, false),
    (2, 12, 9, true, false),
    (2, 12, 10, true, false),
    (2, 12, 11, true, false),
    (2, 13, 0, true, false),
    (2, 13, 1, true, false),
    (2, 13, 2, true, false),
    (2, 13, 3, true, false),
    (2, 13, 4, true, false),
    (2, 13, 5, true, false),
    (2, 13, 6, true, false),
    (2, 13, 7, true, false),
    (2, 13, 8, true, false),
    (2, 13, 9, true, false),
    (2, 13, 10, true, false),
    (2, 13, 11, true, false),
    (2, 14, 0, true, false),
    (2, 14, 1, true, false),
    (2, 14, 2, true, false),
    (2, 14, 3, true, false),
    (2, 14, 4, true, false),
    (2, 14, 5, true, false),
    (2, 14, 6, true, false),
    (2, 14, 7, true, false),
    (2, 14, 8, true, false),
    (2, 14, 9, true, false),
    (2, 14, 10, true, false),
    (2, 14, 11, true, false);

--insert posto sala 3 20X18
INSERT INTO POSTO (ID_SALA, RIGA, COLONNA, ESISTE, OCCUPATO) VALUES
    (3, 0, 0, true, false),
    (3, 0, 1, true, false),
    (3, 0, 2, true, false),
    (3, 0, 3, true, false),
    (3, 0, 4, true, false),
    (3, 0, 5, true, false),
    (3, 0, 6, true, false),
    (3, 0, 7, true, false),
    (3, 0, 8, true, false),
    (3, 0, 9, true, false),
    (3, 0, 10, true, false),
    (3, 0, 11, true, false),
    (3, 0, 12, true, false),
    (3, 0, 13, true, false),
    (3, 0, 14, true, false),
    (3, 0, 15, true, false),
    (3, 1, 0, true, false),
    (3, 1, 1, true, false),
    (3, 1, 2, true, false),
    (3, 1, 3, true, false),
    (3, 1, 4, true, false),
    (3, 1, 5, true, false),
    (3, 1, 6, true, false),
    (3, 1, 7, true, false),
    (3, 1, 8, true, false),
    (3, 1, 9, true, false),
    (3, 1, 10, true, false),
    (3, 1, 11, true, false),
    (3, 1, 12, true, false),
    (3, 1, 13, true, false),
    (3, 1, 14, true, false),
    (3, 1, 15, true, false),
    (3, 2, 0, true, false),
    (3, 2, 1, true, false),
    (3, 2, 2, true, false),
    (3, 2, 3, true, false),
    (3, 2, 4, true, false),
    (3, 2, 5, true, false),
    (3, 2, 6, true, false),
    (3, 2, 7, true, false),
    (3, 2, 8, true, false),
    (3, 2, 9, true, false),
    (3, 2, 10, true, false),
    (3, 2, 11, true, false),
    (3, 2, 12, true, false),
    (3, 2, 13, true, false),
    (3, 2, 14, true, false),
    (3, 2, 15, true, false),
    (3, 3, 0, true, false),
    (3, 3, 1, true, false),
    (3, 3, 2, true, false),
    (3, 3, 3, true, false),
    (3, 3, 4, true, false),
    (3, 3, 5, true, false),
    (3, 3, 6, true, false),
    (3, 3, 7, true, false),
    (3, 3, 8, true, false),
    (3, 3, 9, true, false),
    (3, 3, 10, true, false),
    (3, 3, 11, true, false),
    (3, 3, 12, true, false),
    (3, 3, 13, true, false),
    (3, 3, 14, true, false),
    (3, 3, 15, true, false),
    (3, 4, 0, true, false),
    (3, 4, 1, true, false),
    (3, 4, 2, true, false),
    (3, 4, 3, true, false),
    (3, 4, 4, true, false),
    (3, 4, 5, true, false),
    (3, 4, 6, true, false),
    (3, 4, 7, true, false),
    (3, 4, 8, true, false),
    (3, 4, 9, true, false),
    (3, 4, 10, true, false),
    (3, 4, 11, true, false),
    (3, 4, 12, true, false),
    (3, 4, 13, true, false),
    (3, 4, 14, true, false),
    (3, 4, 15, true, false),
    (3, 5, 0, true, false),
    (3, 5, 1, true, false),
    (3, 5, 2, true, false),
    (3, 5, 3, true, false),
    (3, 5, 4, true, false),
    (3, 5, 5, true, false),
    (3, 5, 6, true, false),
    (3, 5, 7, true, false),
    (3, 5, 8, true, false),
    (3, 5, 9, true, false),
    (3, 5, 10, true, false),
    (3, 5, 11, true, false),
    (3, 5, 12, true, false),
    (3, 5, 13, true, false),
    (3, 5, 14, true, false),
    (3, 5, 15, true, false),
    (3, 6, 0, true, false),
    (3, 6, 1, true, false),
    (3, 6, 2, true, false),
    (3, 6, 3, true, false),
    (3, 6, 4, true, false),
    (3, 6, 5, true, false),
    (3, 6, 6, true, false),
    (3, 6, 7, true, false),
    (3, 6, 8, true, false),
    (3, 6, 9, true, false),
    (3, 6, 10, true, false),
    (3, 6, 11, true, false),
    (3, 6, 12, true, false),
    (3, 6, 13, true, false),
    (3, 6, 14, true, false),
    (3, 6, 15, true, false),
    (3, 7, 0, true, false),
    (3, 7, 1, true, false),
    (3, 7, 2, true, false),
    (3, 7, 3, true, false),
    (3, 7, 4, true, false),
    (3, 7, 5, true, false),
    (3, 7, 6, true, false),
    (3, 7, 7, true, false),
    (3, 7, 8, true, false),
    (3, 7, 9, true, false),
    (3, 7, 10, true, false),
    (3, 7, 11, true, false),
    (3, 7, 12, true, false),
    (3, 7, 13, true, false),
    (3, 7, 14, true, false),
    (3, 7, 15, true, false),
    (3, 8, 0, true, false),
    (3, 8, 1, true, false),
    (3, 8, 2, true, false),
    (3, 8, 3, true, false),
    (3, 8, 4, true, false),
    (3, 8, 5, true, false),
    (3, 8, 6, true, false),
    (3, 8, 7, true, false),
    (3, 8, 8, true, false),
    (3, 8, 9, true, false),
    (3, 8, 10, true, false),
    (3, 8, 11, true, false),
    (3, 8, 12, true, false),
    (3, 8, 13, true, false),
    (3, 8, 14, true, false),
    (3, 8, 15, true, false),
    (3, 9, 0, true, false),
    (3, 9, 1, true, false),
    (3, 9, 2, true, false),
    (3, 9, 3, true, false),
    (3, 9, 4, true, false),
    (3, 9, 5, true, false),
    (3, 9, 6, true, false),
    (3, 9, 7, true, false),
    (3, 9, 8, true, false),
    (3, 9, 9, true, false),
    (3, 9, 10, true, false),
    (3, 9, 11, true, false),
    (3, 9, 12, true, false),
    (3, 9, 13, true, false),
    (3, 9, 14, true, false),
    (3, 9, 15, true, false),
    (3, 10, 0, true, false),
    (3, 10, 1, true, false),
    (3, 10, 2, true, false),
    (3, 10, 3, true, false),
    (3, 10, 4, true, false),
    (3, 10, 5, true, false),
    (3, 10, 6, true, false),
    (3, 10, 7, true, false),
    (3, 10, 8, true, false),
    (3, 10, 9, true, false),
    (3, 10, 10, true, false),
    (3, 10, 11, true, false),
    (3, 10, 12, true, false),
    (3, 10, 13, true, false),
    (3, 10, 14, true, false),
    (3, 10, 15, true, false),
    (3, 11, 0, true, false),
    (3, 11, 1, true, false),
    (3, 11, 2, true, false),
    (3, 11, 3, true, false),
    (3, 11, 4, true, false),
    (3, 11, 5, true, false),
    (3, 11, 6, true, false),
    (3, 11, 7, true, false),
    (3, 11, 8, true, false),
    (3, 11, 9, true, false),
    (3, 11, 10, true, false),
    (3, 11, 11, true, false),
    (3, 11, 12, true, false),
    (3, 11, 13, true, false),
    (3, 11, 14, true, false),
    (3, 11, 15, true, false),
    (3, 12, 0, true, false),
    (3, 12, 1, true, false),
    (3, 12, 2, true, false),
    (3, 12, 3, true, false),
    (3, 12, 4, true, false),
    (3, 12, 5, true, false),
    (3, 12, 6, true, false),
    (3, 12, 7, true, false),
    (3, 12, 8, true, false),
    (3, 12, 9, true, false),
    (3, 12, 10, true, false),
    (3, 12, 11, true, false),
    (3, 12, 12, true, false),
    (3, 12, 13, true, false),
    (3, 12, 14, true, false),
    (3, 12, 15, true, false),
    (3, 13, 0, true, false),
    (3, 13, 1, true, false),
    (3, 13, 2, true, false),
    (3, 13, 3, true, false),
    (3, 13, 4, true, false),
    (3, 13, 5, true, false),
    (3, 13, 6, true, false),
    (3, 13, 7, true, false),
    (3, 13, 8, true, false),
    (3, 13, 9, true, false),
    (3, 13, 10, true, false),
    (3, 13, 11, true, false),
    (3, 13, 12, true, false),
    (3, 13, 13, true, false),
    (3, 13, 14, true, false),
    (3, 13, 15, true, false),
    (3, 14, 0, true, false),
    (3, 14, 1, true, false),
    (3, 14, 2, true, false),
    (3, 14, 3, true, false),
    (3, 14, 4, true, false),
    (3, 14, 5, true, false),
    (3, 14, 6, true, false),
    (3, 14, 7, true, false),
    (3, 14, 8, true, false),
    (3, 14, 9, true, false),
    (3, 14, 10, true, false),
    (3, 14, 11, true, false),
    (3, 14, 12, true, false),
    (3, 14, 13, true, false),
    (3, 14, 14, true, false),
    (3, 14, 15, true, false),
    (3, 15, 0, true, false),
    (3, 15, 1, true, false),
    (3, 15, 2, true, false),
    (3, 15, 3, true, false),
    (3, 15, 4, true, false),
    (3, 15, 5, true, false),
    (3, 15, 6, true, false),
    (3, 15, 7, true, false),
    (3, 15, 8, true, false),
    (3, 15, 9, true, false),
    (3, 15, 10, true, false),
    (3, 15, 11, true, false),
    (3, 15, 12, true, false),
    (3, 15, 13, true, false),
    (3, 15, 14, true, false),
    (3, 15, 15, true, false),
    (3, 16, 0, true, false),
    (3, 16, 1, true, false),
    (3, 16, 2, true, false),
    (3, 16, 3, true, false),
    (3, 16, 4, true, false),
    (3, 16, 5, true, false),
    (3, 16, 6, true, false),
    (3, 16, 7, true, false),
    (3, 16, 8, true, false),
    (3, 16, 9, true, false),
    (3, 16, 10, true, false),
    (3, 16, 11, true, false),
    (3, 16, 12, true, false),
    (3, 16, 13, true, false),
    (3, 16, 14, true, false),
    (3, 16, 15, true, false),
    (3, 17, 0, true, false),
    (3, 17, 1, true, false),
    (3, 17, 2, true, false),
    (3, 17, 3, true, false),
    (3, 17, 4, true, false),
    (3, 17, 5, true, false),
    (3, 17, 6, true, false),
    (3, 17, 7, true, false),
    (3, 17, 8, true, false),
    (3, 17, 9, true, false),
    (3, 17, 10, true, false),
    (3, 17, 11, true, false),
    (3, 17, 12, true, false),
    (3, 17, 13, true, false),
    (3, 17, 14, true, false),
    (3, 17, 15, true, false),
    (3, 18, 0, true, false),
    (3, 18, 1, true, false),
    (3, 18, 2, true, false),
    (3, 18, 3, true, false),
    (3, 18, 4, true, false),
    (3, 18, 5, true, false),
    (3, 18, 6, true, false),
    (3, 18, 7, true, false),
    (3, 18, 8, true, false),
    (3, 18, 9, true, false),
    (3, 18, 10, true, false),
    (3, 18, 11, true, false),
    (3, 18, 12, true, false),
    (3, 18, 13, true, false),
    (3, 18, 14, true, false),
    (3, 18, 15, true, false),
    (3, 19, 0, true, false),
    (3, 19, 1, true, false),
    (3, 19, 2, true, false),
    (3, 19, 3, true, false),
    (3, 19, 4, true, false),
    (3, 19, 5, true, false),
    (3, 19, 6, true, false),
    (3, 19, 7, true, false),
    (3, 19, 8, true, false),
    (3, 19, 9, true, false),
    (3, 19, 10, true, false),
    (3, 19, 11, true, false),
    (3, 19, 12, true, false),
    (3, 19, 13, true, false),
    (3, 19, 14, true, false),
    (3, 19, 15, true, false);

--insert posto sala 4 20X18
INSERT INTO POSTO (ID_SALA, RIGA, COLONNA, ESISTE, OCCUPATO) VALUES
    (4, 0, 0, true, false),
    (4, 0, 1, true, false),
    (4, 0, 2, true, false),
    (4, 0, 3, true, false),
    (4, 0, 4, true, false),
    (4, 0, 5, true, false),
    (4, 0, 6, true, false),
    (4, 0, 7, true, false),
    (4, 0, 8, true, false),
    (4, 0, 9, true, false),
    (4, 0, 10, true, false),
    (4, 0, 11, true, false),
    (4, 0, 12, true, false),
    (4, 0, 13, true, false),
    (4, 0, 14, true, false),
    (4, 0, 15, true, false),
    (4, 1, 0, true, false),
    (4, 1, 1, true, false),
    (4, 1, 2, true, false),
    (4, 1, 3, true, false),
    (4, 1, 4, true, false),
    (4, 1, 5, true, false),
    (4, 1, 6, true, false),
    (4, 1, 7, true, false),
    (4, 1, 8, true, false),
    (4, 1, 9, true, false),
    (4, 1, 10, true, false),
    (4, 1, 11, true, false),
    (4, 1, 12, true, false),
    (4, 1, 13, true, false),
    (4, 1, 14, true, false),
    (4, 1, 15, true, false),
    (4, 2, 0, true, false),
    (4, 2, 1, true, false),
    (4, 2, 2, true, false),
    (4, 2, 3, true, false),
    (4, 2, 4, true, false),
    (4, 2, 5, true, false),
    (4, 2, 6, true, false),
    (4, 2, 7, true, false),
    (4, 2, 8, true, false),
    (4, 2, 9, true, false),
    (4, 2, 10, true, false),
    (4, 2, 11, true, false),
    (4, 2, 12, true, false),
    (4, 2, 13, true, false),
    (4, 2, 14, true, false),
    (4, 2, 15, true, false),
    (4, 3, 0, true, false),
    (4, 3, 1, true, false),
    (4, 3, 2, true, false),
    (4, 3, 3, true, false),
    (4, 3, 4, true, false),
    (4, 3, 5, true, false),
    (4, 3, 6, true, false),
    (4, 3, 7, true, false),
    (4, 3, 8, true, false),
    (4, 3, 9, true, false),
    (4, 3, 10, true, false),
    (4, 3, 11, true, false),
    (4, 3, 12, true, false),
    (4, 3, 13, true, false),
    (4, 3, 14, true, false),
    (4, 3, 15, true, false),
    (4, 4, 0, true, false),
    (4, 4, 1, true, false),
    (4, 4, 2, true, false),
    (4, 4, 3, true, false),
    (4, 4, 4, true, false),
    (4, 4, 5, true, false),
    (4, 4, 6, true, false),
    (4, 4, 7, true, false),
    (4, 4, 8, true, false),
    (4, 4, 9, true, false),
    (4, 4, 10, true, false),
    (4, 4, 11, true, false),
    (4, 4, 12, true, false),
    (4, 4, 13, true, false),
    (4, 4, 14, true, false),
    (4, 4, 15, true, false),
    (4, 5, 0, true, false),
    (4, 5, 1, true, false),
    (4, 5, 2, true, false),
    (4, 5, 3, true, false),
    (4, 5, 4, true, false),
    (4, 5, 5, true, false),
    (4, 5, 6, true, false),
    (4, 5, 7, true, false),
    (4, 5, 8, true, false),
    (4, 5, 9, true, false),
    (4, 5, 10, true, false),
    (4, 5, 11, true, false),
    (4, 5, 12, true, false),
    (4, 5, 13, true, false),
    (4, 5, 14, true, false),
    (4, 5, 15, true, false),
    (4, 6, 0, true, false),
    (4, 6, 1, true, false),
    (4, 6, 2, true, false),
    (4, 6, 3, true, false),
    (4, 6, 4, true, false),
    (4, 6, 5, true, false),
    (4, 6, 6, true, false),
    (4, 6, 7, true, false),
    (4, 6, 8, true, false),
    (4, 6, 9, true, false),
    (4, 6, 10, true, false),
    (4, 6, 11, true, false),
    (4, 6, 12, true, false),
    (4, 6, 13, true, false),
    (4, 6, 14, true, false),
    (4, 6, 15, true, false),
    (4, 7, 0, true, false),
    (4, 7, 1, true, false),
    (4, 7, 2, true, false),
    (4, 7, 3, true, false),
    (4, 7, 4, true, false),
    (4, 7, 5, true, false),
    (4, 7, 6, true, false),
    (4, 7, 7, true, false),
    (4, 7, 8, true, false),
    (4, 7, 9, true, false),
    (4, 7, 10, true, false),
    (4, 7, 11, true, false),
    (4, 7, 12, true, false),
    (4, 7, 13, true, false),
    (4, 7, 14, true, false),
    (4, 7, 15, true, false),
    (4, 8, 0, true, false),
    (4, 8, 1, true, false),
    (4, 8, 2, true, false),
    (4, 8, 3, true, false),
    (4, 8, 4, true, false),
    (4, 8, 5, true, false),
    (4, 8, 6, true, false),
    (4, 8, 7, true, false),
    (4, 8, 8, true, false),
    (4, 8, 9, true, false),
    (4, 8, 10, true, false),
    (4, 8, 11, true, false),
    (4, 8, 12, true, false),
    (4, 8, 13, true, false),
    (4, 8, 14, true, false),
    (4, 8, 15, true, false),
    (4, 9, 0, true, false),
    (4, 9, 1, true, false),
    (4, 9, 2, true, false),
    (4, 9, 3, true, false),
    (4, 9, 4, true, false),
    (4, 9, 5, true, false),
    (4, 9, 6, true, false),
    (4, 9, 7, true, false),
    (4, 9, 8, true, false),
    (4, 9, 9, true, false),
    (4, 9, 10, true, false),
    (4, 9, 11, true, false),
    (4, 9, 12, true, false),
    (4, 9, 13, true, false),
    (4, 9, 14, true, false),
    (4, 9, 15, true, false),
    (4, 10, 0, true, false),
    (4, 10, 1, true, false),
    (4, 10, 2, true, false),
    (4, 10, 3, true, false),
    (4, 10, 4, true, false),
    (4, 10, 5, true, false),
    (4, 10, 6, true, false),
    (4, 10, 7, true, false),
    (4, 10, 8, true, false),
    (4, 10, 9, true, false),
    (4, 10, 10, true, false),
    (4, 10, 11, true, false),
    (4, 10, 12, true, false),
    (4, 10, 13, true, false),
    (4, 10, 14, true, false),
    (4, 10, 15, true, false),
    (4, 11, 0, true, false),
    (4, 11, 1, true, false),
    (4, 11, 2, true, false),
    (4, 11, 3, true, false),
    (4, 11, 4, true, false),
    (4, 11, 5, true, false),
    (4, 11, 6, true, false),
    (4, 11, 7, true, false),
    (4, 11, 8, true, false),
    (4, 11, 9, true, false),
    (4, 11, 10, true, false),
    (4, 11, 11, true, false),
    (4, 11, 12, true, false),
    (4, 11, 13, true, false),
    (4, 11, 14, true, false),
    (4, 11, 15, true, false),
    (4, 12, 0, true, false),
    (4, 12, 1, true, false),
    (4, 12, 2, true, false),
    (4, 12, 3, true, false),
    (4, 12, 4, true, false),
    (4, 12, 5, true, false),
    (4, 12, 6, true, false),
    (4, 12, 7, true, false),
    (4, 12, 8, true, false),
    (4, 12, 9, true, false),
    (4, 12, 10, true, false),
    (4, 12, 11, true, false),
    (4, 12, 12, true, false),
    (4, 12, 13, true, false),
    (4, 12, 14, true, false),
    (4, 12, 15, true, false),
    (4, 13, 0, true, false),
    (4, 13, 1, true, false),
    (4, 13, 2, true, false),
    (4, 13, 3, true, false),
    (4, 13, 4, true, false),
    (4, 13, 5, true, false),
    (4, 13, 6, true, false),
    (4, 13, 7, true, false),
    (4, 13, 8, true, false),
    (4, 13, 9, true, false),
    (4, 13, 10, true, false),
    (4, 13, 11, true, false),
    (4, 13, 12, true, false),
    (4, 13, 13, true, false),
    (4, 13, 14, true, false),
    (4, 13, 15, true, false),
    (4, 14, 0, true, false),
    (4, 14, 1, true, false),
    (4, 14, 2, true, false),
    (4, 14, 3, true, false),
    (4, 14, 4, true, false),
    (4, 14, 5, true, false),
    (4, 14, 6, true, false),
    (4, 14, 7, true, false),
    (4, 14, 8, true, false),
    (4, 14, 9, true, false),
    (4, 14, 10, true, false),
    (4, 14, 11, true, false),
    (4, 14, 12, true, false),
    (4, 14, 13, true, false),
    (4, 14, 14, true, false),
    (4, 14, 15, true, false),
    (4, 15, 0, true, false),
    (4, 15, 1, true, false),
    (4, 15, 2, true, false),
    (4, 15, 3, true, false),
    (4, 15, 4, true, false),
    (4, 15, 5, true, false),
    (4, 15, 6, true, false),
    (4, 15, 7, true, false),
    (4, 15, 8, true, false),
    (4, 15, 9, true, false),
    (4, 15, 10, true, false),
    (4, 15, 11, true, false),
    (4, 15, 12, true, false),
    (4, 15, 13, true, false),
    (4, 15, 14, true, false),
    (4, 15, 15, true, false),
    (4, 16, 0, true, false),
    (4, 16, 1, true, false),
    (4, 16, 2, true, false),
    (4, 16, 3, true, false),
    (4, 16, 4, true, false),
    (4, 16, 5, true, false),
    (4, 16, 6, true, false),
    (4, 16, 7, true, false),
    (4, 16, 8, true, false),
    (4, 16, 9, true, false),
    (4, 16, 10, true, false),
    (4, 16, 11, true, false),
    (4, 16, 12, true, false),
    (4, 16, 13, true, false),
    (4, 16, 14, true, false),
    (4, 16, 15, true, false),
    (4, 17, 0, true, false),
    (4, 17, 1, true, false),
    (4, 17, 2, true, false),
    (4, 17, 3, true, false),
    (4, 17, 4, true, false),
    (4, 17, 5, true, false),
    (4, 17, 6, true, false),
    (4, 17, 7, true, false),
    (4, 17, 8, true, false),
    (4, 17, 9, true, false),
    (4, 17, 10, true, false),
    (4, 17, 11, true, false),
    (4, 17, 12, true, false),
    (4, 17, 13, true, false),
    (4, 17, 14, true, false),
    (4, 17, 15, true, false),
    (4, 18, 0, true, false),
    (4, 18, 1, true, false),
    (4, 18, 2, true, false),
    (4, 18, 3, true, false),
    (4, 18, 4, true, false),
    (4, 18, 5, true, false),
    (4, 18, 6, true, false),
    (4, 18, 7, true, false),
    (4, 18, 8, true, false),
    (4, 18, 9, true, false),
    (4, 18, 10, true, false),
    (4, 18, 11, true, false),
    (4, 18, 12, true, false),
    (4, 18, 13, true, false),
    (4, 18, 14, true, false),
    (4, 18, 15, true, false),
    (4, 19, 0, true, false),
    (4, 19, 1, true, false),
    (4, 19, 2, true, false),
    (4, 19, 3, true, false),
    (4, 19, 4, true, false),
    (4, 19, 5, true, false),
    (4, 19, 6, true, false),
    (4, 19, 7, true, false),
    (4, 19, 8, true, false),
    (4, 19, 9, true, false),
    (4, 19, 10, true, false),
    (4, 19, 11, true, false),
    (4, 19, 12, true, false),
    (4, 19, 13, true, false),
    (4, 19, 14, true, false),
    (4, 19, 15, true, false);

update posto set riga = riga+1;
update posto set colonna=colonna+1;
